version,rows,process_pair,metric,median_ms,min_ms,max_ms,samples
before,100000,1,wal_replay,50.011,45.198,52.88,7
before,100000,1,checkpoint,130.226,117.385,154.24,7
before,100000,1,snapshot_reopen,40.055,38.158,49.714,7
before,100000,1,seed,61.774,61.774,61.774,1
before,100000,1,backup,120.286,120.286,120.286,1
before,100000,2,wal_replay,45.316,44.051,52.202,7
before,100000,2,checkpoint,127.486,123.061,159.677,7
before,100000,2,snapshot_reopen,41.575,41.093,59.529,7
before,100000,2,seed,62.88,62.88,62.88,1
before,100000,2,backup,123.579,123.579,123.579,1
before,100000,3,wal_replay,44.473,41.849,50.271,7
before,100000,3,checkpoint,121.091,119.699,127.846,7
before,100000,3,snapshot_reopen,40.289,38.957,41.355,7
before,100000,3,seed,59.183,59.183,59.183,1
before,100000,3,backup,122.959,122.959,122.959,1
before,10000,1,wal_replay,4.182,4.045,4.461,7
before,10000,1,checkpoint,10.882,10.262,11.958,7
before,10000,1,snapshot_reopen,3.767,3.715,4.053,7
before,10000,1,seed,5.89,5.89,5.89,1
before,10000,1,backup,10.954,10.954,10.954,1
before,500000,1,wal_replay,227.026,208.393,231.07,7
before,500000,1,checkpoint,585.682,552.073,606.398,7
before,500000,1,snapshot_reopen,212.098,195.577,217.305,7
before,500000,1,seed,299.486,299.486,299.486,1
before,500000,1,backup,554.593,554.593,554.593,1
after,100000,1,wal_replay,23.158,20.923,23.753,7
after,100000,1,checkpoint,26.678,25.534,29.013,7
after,100000,1,snapshot_reopen,18.326,17.763,20.176,7
after,100000,1,seed,33.824,33.824,33.824,1
after,100000,1,backup,34.308,34.308,34.308,1
after,100000,2,wal_replay,27.617,23.589,29.019,7
after,100000,2,checkpoint,26.773,26.609,31.465,7
after,100000,2,snapshot_reopen,18.926,18.277,22.546,7
after,100000,2,seed,50.597,50.597,50.597,1
after,100000,2,backup,36.223,36.223,36.223,1
after,100000,3,wal_replay,21.563,20.348,23.843,7
after,100000,3,checkpoint,24.424,24.092,27.331,7
after,100000,3,snapshot_reopen,17.695,17.559,17.925,7
after,100000,3,seed,32.919,32.919,32.919,1
after,100000,3,backup,33.952,33.952,33.952,1
after,10000,1,wal_replay,2.0,1.896,2.352,7
after,10000,1,checkpoint,2.389,2.344,2.754,7
after,10000,1,snapshot_reopen,1.813,1.748,2.054,7
after,10000,1,seed,3.266,3.266,3.266,1
after,10000,1,backup,3.307,3.307,3.307,1
after,500000,1,wal_replay,118.904,103.528,120.725,7
after,500000,1,checkpoint,129.334,127.721,144.208,7
after,500000,1,snapshot_reopen,113.386,110.721,118.232,7
after,500000,1,seed,186.604,186.604,186.604,1
after,500000,1,backup,174.201,174.201,174.201,1
